{"cameraMode":{"drawMode":0,"name":"Shaded","section":"Shading Mode"},"sceneLighting":true,"audioPlay":false,"sceneViewState":{"showFog":true,"showMaterialUpdate":false,"showSkybox":true,"showFlares":true,"showImageEffects":true,"showParticleSystems":true},"in2DMode":false,"pivot":{"x":-46.88037872314453,"y":0.22797727584838868,"z":10.422760009765625},"rotation":{"x":0.038803305476903918,"y":-0.5603064298629761,"z":0.026157667860388757,"w":0.8270583748817444},"size":8.381232261657715,"orthographic":false}