{"cameraMode":{"drawMode":0,"name":"Shaded","section":"Shading Mode"},"sceneLighting":false,"audioPlay":false,"sceneViewState":{"showFog":true,"showMaterialUpdate":false,"showSkybox":false,"showFlares":true,"showImageEffects":true,"showParticleSystems":true},"in2DMode":false,"pivot":{"x":-0.04209160804748535,"y":1.538428783416748,"z":0.7007306814193726},"rotation":{"x":0.25290268659591677,"y":-0.24361087381839753,"z":0.06568515300750733,"w":0.9342241287231445},"size":1.1256108283996583,"orthographic":false}