{"cameraMode":{"drawMode":0,"name":"Shaded","section":"Shading Mode"},"sceneLighting":true,"audioPlay":false,"sceneViewState":{"showFog":true,"showMaterialUpdate":false,"showSkybox":true,"showFlares":true,"showImageEffects":true,"showParticleSystems":true},"in2DMode":false,"pivot":{"x":-0.6530985236167908,"y":25.319368362426759,"z":77.01557922363281},"rotation":{"x":0.0037059495225548746,"y":0.8683022856712341,"z":-0.49636074900627139,"w":0.006885109934955835},"size":1.255293607711792,"orthographic":false}