{"cameraMode":{"drawMode":0,"name":"Shaded","section":"Shading Mode"},"sceneLighting":false,"audioPlay":false,"sceneViewState":{"showFog":true,"showMaterialUpdate":false,"showSkybox":false,"showFlares":true,"showImageEffects":true,"showParticleSystems":true},"in2DMode":false,"pivot":{"x":-0.000379711389541626,"y":0.8525220155715942,"z":0.0196085125207901},"rotation":{"x":-0.11056831479072571,"y":0.24395836889743806,"z":-0.028008297085762025,"w":-0.9630562663078308},"size":1.1247612237930298,"orthographic":false}